ID	Name	Bgd count	Result count	Result gene list	Pct of bgd	Fold enrichment	Odds ratio	P-value	Benjamini	Bonferroni
GO:0042254	ribosome biogenesis	89	32	AFUB_005180,AFUB_005660,AFUB_010180,AFUB_010410,AFUB_013060,AFUB_018850,AFUB_021840,AFUB_022580,AFUB_028500,AFUB_029210,AFUB_032720,AFUB_035810,AFUB_038030,AFUB_042680,AFUB_050290,AFUB_052390,AFUB_054070,AFUB_059900,AFUB_061170,AFUB_062970,AFUB_064590,AFUB_064630,AFUB_064720,AFUB_065290,AFUB_070250,AFUB_077090,AFUB_082720,AFUB_082860,AFUB_083330,AFUB_089980,AFUB_090410,AFUB_093670,	36.0	7.21	11.6	6.80496300288e-20	2.31368742098e-18	2.31368742098e-18
GO:0055085	transmembrane transport	587	61	AFUB_000270,AFUB_003120,AFUB_003610,AFUB_005210,AFUB_005390,AFUB_009810,AFUB_012090,AFUB_012320,AFUB_014040,AFUB_016830,AFUB_020060,AFUB_020800,AFUB_022920,AFUB_025700,AFUB_026700,AFUB_033030,AFUB_033520,AFUB_033970,AFUB_034590,AFUB_037680,AFUB_041130,AFUB_044920,AFUB_045500,AFUB_045800,AFUB_046340,AFUB_046850,AFUB_046860,AFUB_047000,AFUB_049180,AFUB_050080,AFUB_051330,AFUB_052780,AFUB_057300,AFUB_059550,AFUB_060870,AFUB_060880,AFUB_062330,AFUB_066140,AFUB_066310,AFUB_066680,AFUB_069990,AFUB_070810,AFUB_071880,AFUB_075760,AFUB_079760,AFUB_081040,AFUB_081190,AFUB_081210,AFUB_081390,AFUB_083070,AFUB_087020,AFUB_087490,AFUB_091490,AFUB_091700,AFUB_095570,AFUB_096340,AFUB_096520,AFUB_096840,AFUB_099430,AFUB_099540,AFUB_100400,	10.4	2.08	2.45	1.7110756389e-08	2.90882858613e-07	5.81765717225e-07
GO:0071941	nitrogen cycle metabolic process	11	4	AFUB_012300,AFUB_012310,AFUB_012320,AFUB_016830,	36.4	7.29	10.99	0.0015214268395	0.0172428375143	0.0517285125429
GO:0002376	immune system process	1	1	AFUB_068800,	100.0	20.04	inf	0.0498991257571	0.424142568935	1.0
